{
  "description": "项目配置文件。",
  "setting": {
    "urlCheck": false,
    "es6": true,
    "postcss": true,
    "minified": true,
    "newFeature": true,
    "babelSetting": {
      "ignore": [],
      "disablePlugins": [],
      "outputPath": ""
    },
    "condition": false,
    "coverView": false,
    "enhance": false,
    "showShadowRootInWxmlPanel": false,
    "packNpmRelationList": [],
    "ignoreUploadUnusedFiles": true
  },
  "compileType": "miniprogram",
  "condition": {},
  "editorSetting": {
    "tabIndent": "insertSpaces",
    "tabSize": 2
  },
  "libVersion": "2.25.3",
  "packOptions": {
    "ignore": [],
    "include": []
  },
  "appid": "touristappid"
}